37.8737423349,-122.266398861,75.87,Apartment Complex,Field 1,,name,Apartment Complex,bearing,-8.971408
37.8740383577,-122.26573417,87.813,Barker Hall,Field 1,,Field 2,,Field 3,,Field 4,,name,Barker Hall,bearing,-0.019763
37.873742721,-122.265270999,87.392,Koshland Hall,Field 1,,Field 2,,Field 3,,Field 4,,name,Koshland Hall,bearing,-164.482363
37.8731093455,-122.265548198,86.544,Li Ka Shing Center for Biomedical and Health Sciences,Field 1,,Field 2,,Field 3,,Field 4,,name,Li Ka Shing Center for Biomedical and Health Sciences,bearing,-55.661041
37.873480709,-122.26504758,85.649,Genetics and Plant Biology Building,Field 1,,Field 2,,Field 3,,Field 4,,name,Genetics and Plant Biology Building,bearing,-93.791077
37.8720163715,-122.266231246,81.607,University Hall,Field 1,,Field 2,,Field 3,,Field 4,,name,University Hall,bearing,89.999922
37.870656285,-122.271604533,52.004,Circular Gate,Field 1,,Field 2,,Field 3,,Field 4,,name,Circular Gate,bearing,-11.051587
37.8708340186,-122.271591463,53.097,For Lease,Field 1,,Field 2,,Field 3,,Field 4,,name,For Lease,bearing,172.83297
37.8694569822,-122.270685843,56.898,Civic Center,Field 1,,Field 2,,Field 3,,Field 4,,name,Civic Center,bearing,83.010897
37.8699813236,-122.271281872,53.485,International Computer Science Center,Field 1,,Field 2,,Field 3,,Field 4,,name,International Computer Science Center,bearing,173.693433
37.8699513226,-122.2726682,51.4,Berkeley Teen Center,Field 2,,Field 3,,Field 4,,Rating,***,name,Berkeley Teen Center,bearing,-98.476493
37.8708203179,-122.270392635,54.253,Heron,Field 1,,Field 2,,Field 3,,Field 4,,name,Heron,bearing,-7.127994
37.8708151943,-122.270427794,54.107,Marble Texture,Field 1,,Field 2,,Field 3,,Field 4,,name,Marble Texture,bearing,-7.127995
37.8708348301,-122.270274752,54.323,Mountain Lion,Field 1,,Field 2,,Field 3,,Field 4,,name,Mountain Lion,bearing,-7.895281
37.8708354066,-122.270297914,55.27,Alarm,Field 1,,Field 2,,Field 3,,Field 4,,name,Alarm,bearing,-5.853453
37.8709842109,-122.270384483,57.185,Triple Archway,Field 1,,Field 2,,Field 3,,Field 4,,name,Triple Archway,bearing,175.659374
37.8710615272,-122.269661171,61.435,Berkeley Rep,Field 1,,Field 2,,Field 3,,Field 4,,name,Berkeley Rep,bearing,174.081972
37.8710569077,-122.269690072,61.436,Preacher,Field 1,,Field 2,,Field 3,,Field 4,,name,Preacher,bearing,172.872009
37.8710797915,-122.269607085,63.979,Covered Hand,Field 1,,Field 2,,Field 3,,Field 4,,name,Covered Hand,bearing,171.959587
37.8710828422,-122.269604672,56.23,The Roda Theatre,Field 1,,Field 2,,Field 3,,Field 4,,name,The Roda Theatre,bearing,173.167455
37.8711005057,-122.269386272,61.156,Berkeley Rep,Field 1,,Field 2,,Field 3,,Field 4,,name,Berkeley Rep,bearing,172.304706
37.8711068404,-122.269345056,61.507,Preacher,Field 1,,Field 2,,Field 3,,Field 4,,name,Preacher,bearing,-171.449008
37.871112359,-122.269301142,62.175,Berkeley Rep,Field 1,,Field 2,,Field 3,,Field 4,,name,Berkeley Rep,bearing,174.184057
37.8700161376,-122.268158482,58.652,Elevators to BART,Field 1,,Field 2,,Field 3,,Field 4,,name,Elevators to BART,bearing,179.304193
37.8708991772,-122.268351495,57.192,BART,Field 1,,Field 2,,Field 3,,Field 4,,name,BART,bearing,91.303588
37.8705454583,-122.267890141,62.129,Vertical Metal Divider,Field 1,,Field 2,,Field 3,,Field 4,,name,Vertical Metal Divider,bearing,95.565572
37.8705919009,-122.267336294,59.978,ATM1,Field 1,,Field 2,,Field 3,,Field 4,,name,ATM1,bearing,168.651771
37.8705952988,-122.267322938,59.87,ATM2,Field 1,,Field 2,,Field 3,,Field 4,,name,ATM2,bearing,172.273385
37.8705952988,-122.267322938,59.87,ATM3,Field 1,,Field 2,,Field 3,,Field 4,,name,ATM3,bearing,172.273385
37.8707292218,-122.26618853,70.54,2nd window from the right,Field 1,,Field 2,,Field 3,,Field 4,,name,2nd window from the right,bearing,-98.702655
37.8702786393,-122.26601334,62.387,NEON sign,Field 1,,Field 2,,Field 3,,Field 4,,name,NEON sign,bearing,88.597681
37.8701385058,-122.265999843,60.818,Red pole,Field 1,,Field 2,,Field 3,,Field 4,,name,Red pole
37.8698042331,-122.265955836,67.886,Real Brick Walls?,Field 1,,Field 2,,Field 3,,Field 4,,name,Real Brick Walls?,bearing,85.958312
37.869770114,-122.265796596,61.648,Control Valve,Field 1,,Field 2,,Field 3,,Field 4,,name,Control Valve
37.8690557455,-122.266281647,70.56,Geometric Apartment Complex,Field 1,,Field 2,,Field 3,,Field 4,,name,Geometric Apartment Complex,bearing,117.492335
37.8695016603,-122.265665231,69.711,Crazy Person on Ad,Field 1,,Field 2,,Field 3,,Field 4,,name,Crazy Person on Ad,bearing,-77.758759
37.8697200717,-122.265580522,65.982,Vine Covered Wall,Field 1,,Field 2,,Field 3,,Field 4,,name,Vine Covered Wall,bearing,-90.537577
37.8696348258,-122.265565414,65.854,Indecipherable Writing,Field 1,,Field 2,,Field 3,,Field 4,,name,Indecipherable Writing,bearing,-80.295441
37.8694501115,-122.266526416,59.922,Public Entry Permitted,Field 1,,Field 2,,Field 3,,Field 4,,name,Public Entry Permitted,bearing,-12.263814
37.8697578755,-122.266471941,61.941,Cheap apartments ~$800,Field 1,,Field 2,,Field 3,,Field 4,,name,Cheap apartments ~$800,bearing,173.698041
37.8696639284,-122.266576758,71.327,I live here!,Field 1,,Field 2,,Field 3,,Field 4,,name,I live here!,bearing,173.508299
37.8696287429,-122.266863066,60.207,Private Residence.,Field 1,,Field 2,,Field 3,,Field 4,,name,Private Residence.,bearing,173.267804
37.8696507037,-122.26671001,60.218,Back Entrance to Garage,Field 1,,Field 2,,Field 3,,Field 4,,name,Back Entrance to Garage,bearing,172.069295
37.8694583708,-122.266943985,59.79,Daily News Posted Here,Field 1,,Field 2,,Field 3,,Field 4,,name,Daily News Posted Here,bearing,-7.183695
37.8696040561,-122.267922649,57.327,Flowers in bloom during summer,Field 1,,Field 2,,Field 3,,Field 4,,name,Flowers in bloom during summer
37.8696370637,-122.267746354,57.507,BART entrance,Field 1,,Field 2,,Field 3,,Field 4,,name,BART entrance,bearing,-88.889152
37.8711556619,-122.269073855,57.692,Non-profit education center - small children,Field 1,,Field 2,,Field 3,,Field 4,,name,Non-profit education center - small children,bearing,172.273449
37.8692655499,-122.269521333,54.327,Fire Escape,Field 1,,Field 2,,Field 3,,Field 4,,name,Fire Escape,bearing,174.040738
37.8700764947,-122.268377818,60.22,Public Library,Field 1,,Field 2,,Field 3,,Field 4,,name,Public Library,bearing,-8.739426
37.8693526562,-122.269037428,56.213,Parking is $12 a day,Field 1,,Field 2,,Field 3,,Field 4,,name,Parking is $12 a day,bearing,-96.078898
37.8693470535,-122.269290576,55.056,Public entrance,Field 1,,Field 2,,Field 3,,Field 4,,name,Public entrance,bearing,171.265132
37.8711094627,-122.269473774,55.462,side entrance,Field 1,,Field 2,,Field 3,,Field 4,,name,side entrance,bearing,173.009038
37.8709184907,-122.269627481,58.385,Stadium Garage,Field 1,,Field 2,,Field 3,,Field 4,,name,Stadium Garage,bearing,-10.154368
37.8708062781,-122.270110699,52.833,parking is $10 an hour (!),Field 1,,Field 2,,Field 3,,Field 4,,name,parking is $10 an hour (!),bearing,-15.486591
37.8699752362,-122.269836483,55.673,Berkeley City College,Field 1,,Field 2,,Field 3,,Field 4,,name,Berkeley City College,bearing,-9.403367
37.8685395869,-122.266842662,63.865,they are responsible for blocking off the roads when there are games,Field 1,,Field 2,,Field 3,,Field 4,,name,they are responsible for blocking off the roads when there are games,bearing,-6.124395
37.8687811272,-122.266728602,59.352,this underground garage is huge,Field 1,,Field 2,,Field 3,,Field 4,,name,this underground garage is huge,bearing,172.857785
37.8692412571,-122.270723034,59.833,Civic Center Cube,Field 1,,Field 2,,Field 3,,Field 4,,name,Civic Center Cube,bearing,172.851221
37.8696929801,-122.271475867,49.865,A common squirrel feeding ground,Field 1,,Field 2,,Field 3,,Field 4,,name,A common squirrel feeding ground,bearing,-10.467633
37.8697163858,-122.271673192,49.713,Do not walk on grass,Field 1,,Field 2,,Field 3,,Field 4,,name,Do not walk on grass,bearing,-5.737252
37.8699842732,-122.271832101,53.735,Veterans Memorial,Field 1,,Field 2,,Field 3,,Field 4,,name,Veterans Memorial,bearing,168.46756
37.8685313256,-122.267027951,60.49,this apartment looks shady,Field 1,,Field 2,,Field 3,,Field 4,,name,this apartment looks shady,bearing,-9.298619
37.8684784073,-122.26741771,62.26,the flats here are cheap but have very low ceilings,Field 1,,Field 2,,Field 3,,Field 4,,name,the flats here are cheap but have very low ceilings,bearing,-11.369358
37.8698572249,-122.272280742,53.944,Addison House,Field 2,,Field 3,,Field 4,,Founder,Ronald Tsukamoto,name,Addison House,bearing,173.51989
37.8686489163,-122.267392516,63.87,this building is actually vacant and closed because of chemical leaks,Field 1,,Field 2,,Field 3,,Field 4,,name,this building is actually vacant and closed because of chemical leaks,bearing,173.432792
37.8716305219,-122.271358612,55.203,business,Field 1,eVe,Field 2,1965 University Ave,Field 3,NA,Field 4,they're an online business,bearing,-8.97165
37.8719797276,-122.271216265,58.388,summer session administration is totally separate from noraml operations; which is why they have this buildling,Field 1,,Field 2,,Field 3,,Field 4,,name,summer session administration is totally separate from noraml operations; which is why they have this buildling,bearing,174.149409
37.871516863,-122.271642146,57.079,8 studios for the hungry artist,Field 1,,Field 2,,Field 3,,Field 4,,name,8 studios for the hungry artist,bearing,-4.857118
37.8715005256,-122.272460492,57.014,this building is quite stately,Field 1,,Field 2,,Field 3,,Field 4,,name,this building is quite stately,bearing,-5.944893
37.8717122698,-122.273147708,56.983,still under construction,Field 1,,Field 2,,Field 3,,Field 4,,name,still under construction,bearing,89.458314
37.8701270355,-122.270237837,55.555,they have resources on the most obscure languages,Field 1,,Field 2,,Field 3,,Field 4,,name,they have resources on the most obscure languages,bearing,174.659381
37.8702126854,-122.269676027,54.669,"chinese energy" center,Field 1,,Field 2,,Field 3,,Field 4,,name,"chinese energy" center,bearing,171.127894
37.8727990731,-122.269040222,63.575,Perenniel Graffiti,Field 1,,Field 2,,Field 3,,Field 4,,name,Perenniel Graffiti,bearing,-97.219833
37.8681875922,-122.268763584,58.053,this library has over 500000 books and 25408 videos,Field 1,,Field 2,,Field 3,,Field 4,,name,this library has over 500000 books and 25408 videos,bearing,-13.775084
37.8681648587,-122.26906114,56.209,arch canopy,,undefined, like japan,Field 1,name,arch canopy,bearing,-11.497658
37.8679489386,-122.269901891,59.269,leasing apartments for under $900,Field 1,,Field 2,,Field 3,,Field 4,,name,leasing apartments for under $900,bearing,-97.179912
37.8729656679,-122.269313645,65.06,Flagpost,Field 1,,Field 2,,Field 3,,Field 4,,name,Flagpost,bearing,169.597711
37.8730395699,-122.26925401,63.558,Home to 4 red trucks,Field 1,,Field 2,,Field 3,,Field 4,,name,Home to 4 red trucks,bearing,172.224883
37.8730963937,-122.269026067,64.076,Looks flammable,,undefined, but that's ok for the location,Field 1,name,Looks flammable,bearing,171.280818
37.8711011998,-122.266969369,63.737,tunnel tag,Field 1,,Field 2,,Field 3,,Field 4,,name,tunnel tag,bearing,-10.053868
37.8716507957,-122.266747843,62.928,enormous amounts of paperwork to do if you come here :(,Field 1,,Field 2,,Field 3,,Field 4,,name,enormous amounts of paperwork to do if you come here :(,bearing,167.724456
37.8714406746,-122.267043828,68.047,this fading ad has been here for over 50 years,Field 1,,Field 2,,Field 3,,Field 4,,name,this fading ad has been here for over 50 years,bearing,171.80702
37.8715996945,-122.267088225,66.914,dangerous to live here! leaky too,Field 1,,Field 2,,Field 3,,Field 4,,name,dangerous to live here! leaky too
37.8720942374,-122.270153718,57.112,business,Comment,excellent pizza,House Number,2017 University Ave,Name,Round Table Pizza,Phone Number,510-132-4131,bearing,173.685255
37.8704318001,-122.268772896,81.866,business,Comment,authentic thai cuisine,House Number,1957 Shattuck Ave,Name,boat noodle house,Phone Number,510-381-7771,bearing,173.225372
37.8709968463,-122.267582352,61.224,business,Comment,the other branch here,House Number,2129 Shattuck Ave,Name,Bank of America,Phone Number,510-273-5466,bearing,-83.780878
37.870521569,-122.26835584,96.195,business,Comment,Another attempt at tagging building with white top,House Number,2140 Shattuck Ave,Name,United Banking Offices,Phone Number,510-298-5420,bearing,132.726069
37.870506106,-122.267883918,61.053,business,Comment,Kaplan Sign,House Number,150 Berkeley Square,Name,Kaplan Test Prep,Phone Number,510-857-9412,bearing,98.453208
37.8704109501,-122.266012368,62.742,business,Comment,not sure where the tibet shops come from,House Number,2127 Oxford St,Name,Tibet Souvenirs,Phone Number,510-288-3914,bearing,87.048669
37.8699494136,-122.265963974,64.01,business,Comment,Philosopher Store,House Number,2152-2198 Oxford St,Name,Pilates,Phone Number,510-325-1634,bearing,92.599593
37.8697492225,-122.265933962,63.494,business,Comment,try the shrimp,House Number,2152-2198 Oxford St,Name,Azezzeban Restaurant,Phone Number,510-326-7061,bearing,103.667537
37.8694943668,-122.266073736,67.747,business,Comment,unknown owner,House Number,2223 Fulton St,Name,Office Buildings,Phone Number,510-137-1370,bearing,103.1284
37.8697001556,-122.266255886,62.502,business,Comment,caution advised,House Number,2171 Allston Way,Name,Saleil Tanning Salon,Phone Number,510-401-1334,bearing,178.116101
37.8697192713,-122.266167824,62.627,business,Comment,Fine Shrimp Dishes,House Number,2171 Allston Way,Name,Azerbaiin Restaurant,Phone Number,510-495-7946,bearing,172.504739
37.869364103,-122.266469509,74.15,business,Comment,work out,House Number,2150 Allston Way,Name,Gym,Phone Number,510-235-6694,bearing,169.737311
37.8694292391,-122.266843373,64.523,business,Comment,News Offices,House Number,2134 Allston Way,Name,Berkeley Sun,Phone Number,510-801-9956,bearing,-11.576708
37.8695622675,-122.267369604,59.315,business,Comment,great dishes,House Number,2115 Allston Way,Name,Take and Go,Phone Number,510-619-4242,bearing,173.565763
37.8695421617,-122.267717765,59.416,business,Comment,Seasonal flu shots,House Number,2115 Allston Way,Name,Walgreens,Phone Number,510-923-8098,bearing,-86.978581
37.8690935527,-122.268211612,58.054,business,Comment,discounted jackets,House Number,2204 Shattuck Ave,Name,Berkeley Jackets,Phone Number,510-918-3109,bearing,89.501092
37.8691858743,-122.26861193,57.34,business,Comment,Breakfast lounge - not open to public,House Number,2086 Allston Way,Name,Hotel Shattuck Lounge,Phone Number,510-775-4532,bearing,-6.391133
37.8693621003,-122.268788568,57.581,business,Comment,Medical Response Center,House Number,2061-2099 Allston Way,Name,Medical Response Inc,Phone Number,510-177-7621,bearing,-178.62965
37.8690825783,-122.269552479,55.093,business,Comment,Mangalan Centers - high end housing,House Number,2018 Allston Way,Name,Mangalan Centers,Phone Number,510-111-2141,bearing,-16.570287
37.8710152218,-122.268971478,58.455,business,Comment,24 hour Fitness Entrance,House Number,2072 Addison St,Name,24 hour fitness,Phone Number,510-711-3811,bearing,-18.385578
37.8704604759,-122.273084239,52.725,business,Comment,This building present for your safety,House Number,2100 Martin Luther King Jr Way,Name,Office of Public Safety,Phone Number,510-326-8486,bearing,-12.304821
37.870660267,-122.273076979,50.087,business,Comment,Their sandwiches are decent but their spaghetti is much to salty for my taste.,House Number,2080 Martin Luther King Jr Way,Name,Home-run Diner,Phone Number,510-437-5732,bearing,175.533253
37.8690749025,-122.269572724,56.779,business,Comment,all welcome,House Number,2070 Allston Way,Name,Young Men's Gym,Phone Number,510-417-8013,bearing,-16.459936
37.8687180981,-122.266858464,60.085,business,Comment,their carrot salad is quite good,House Number,2119 Kittredge St,Name,Razan's Organic Kitchen,Phone Number,510-989-7420,bearing,174.364429
37.8687246339,-122.266924564,59.127,business,Comment,slightly more fancy version - no one is ever here,House Number,2119 Kittredge St,Name,Razan's Organic Kitchen Extension,Phone Number,510-662-1412,bearing,173.793654
37.868679898,-122.267103617,64.223,business,Comment,the less well known movie theater,House Number,2119 Kittredge St,Name,<undefined>,Phone Number,510-797-1693,bearing,177.161758
37.8684975998,-122.267226303,59.689,business,Comment,they know where the good apartments are,House Number,2124 Kittredge St,Name,Berkeley Real Estate,Phone Number,510-111-7136,bearing,-14.843278
37.8686613687,-122.267237594,61.729,business,Comment,I've never heard of these movies,House Number,2101-2115 Kittredge St,Name,California California,Phone Number,510-553-8483,bearing,174.307872
37.8686226378,-122.26759538,60.066,business,Comment,this location has really fast service,House Number,2237 Shattuck Ave,Name,Baja Fresh,Phone Number,510-248-7139,bearing,-94.140096
37.8683647192,-122.267592462,57.736,business,Comment,EECS majors: bad reception in Soda,House Number,2255 Shattuck Ave,Name,T-Mobile,Phone Number,510-406-3922,bearing,-97.768158
37.8682958661,-122.267612682,57.4,business,Comment,more expensive than yogurtland but worth it,House Number,2110 Kittredge St,Name,Yogurt Harmony,Phone Number,510-336-5694,bearing,-93.706152
37.8682272301,-122.268122139,61.556,business,Comment,the chevrons are an example of contemporary architecture,House Number,2272 Shattuck Ave,Name,Berkeley Library,Phone Number,510-267-4021,bearing,76.738798
37.8680768776,-122.26810186,56.8,business,Comment,under new ownership,House Number,2270 Shattuck Ave,Name,Pho Hoa,Phone Number,510-320-7947,bearing,76.230649
37.8679678429,-122.268076585,58.12,business,Comment,no ratings  yet,House Number,2284 Shattuck Ave,Name,Passand Lounge,Phone Number,510-848-0260,bearing,82.496134
37.8677850442,-122.268069109,56.264,business,Comment,FRI KEY CHOICE TRIBBE TRIBUTE,House Number,2276 Shattuck Ave,Name,Tribbe Tribute,Phone Number,510-673-1996,bearing,80.170743
37.8677255105,-122.268065279,55.736,business,Comment,try their seasonal dishes,House Number,2286 Shattuck Ave,Name,Madras Cuisine,Phone Number,510-719-9133,bearing,81.690339
37.8678138869,-122.267522473,57.074,business,Comment,FedEx is on the Right,House Number,2105 Bancroft Way,Name,FedEx/Kinkos,Phone Number,510-662-3629,bearing,-98.363
37.8679345594,-122.267543516,57.424,business,Comment,serves great chicken on rice,House Number,2283 Shattuck Ave,Name,Little Plearn Thai Kitchen,Phone Number,510-124-3301,bearing,-96.298652
37.8680345848,-122.267565259,58.194,business,Comment,store is quite shady,House Number,2277 Shattuck Ave,Name,USED Computer Store,Phone Number,510-728-2976,bearing,-96.398613
37.86820418,-122.267594605,59.163,business,Comment,$8 lunch,House Number,2271 Shattuck Ave,Name,Angeline's Louisana Kitchen,Phone Number,510-553-4646,bearing,-99.049687
37.8681373303,-122.267572251,58.505,business,Comment,$20 lunch,House Number,2271 Shattuck Ave,Name,Becketts,Phone Number,510-901-9794,bearing,-100.359272
37.8684235332,-122.268981124,56.224,business,Comment,downstairs to 2065 Milvia,House Number,2065 Kittredge St,Name,Hall of Health,Phone Number,510-840-9621,bearing,168.318457
37.8684720064,-122.268622624,55.989,business,Comment,tech support company here,House Number,2065 Kittredge St,Name,Berkeley Ops,Phone Number,510-707-6376,bearing,171.673654
37.8682583524,-122.269138712,59.437,business,Comment,I know some people that live here,House Number,2020 Kittredge St,Name,Kittredge Apartments,Phone Number,510-224-3742,bearing,-15.094595
37.8666731867,-122.270322208,49.907,business,Comment,central entrance to lobby,House Number,2300-2348 Milvia St,Name,Boy's Gym,Phone Number,510-276-7385,bearing,89.999917
37.8663754939,-122.270276554,52.389,business,Comment,offices of gymnasium,House Number,2300-2348 Milvia St,Name,Boy's Gym,Phone Number,510-358-6277,bearing,93.308901
37.8661469581,-122.270269818,52.615,business,Comment,indoor swimming pool,House Number,2350-2398 Milvia St,Name,Boy's Gym,Phone Number,510-126-9027,bearing,91.29573
37.8724338277,-122.268586476,61.058,business,Comment,look for the unbreakable bicycle chains,House Number,1988 Shattuck Ave,Name,Missing Link Bicycle Shop,Phone Number,510-225-5716,bearing,89.732084
37.8724215908,-122.268273661,61.334,business,Comment,they can't make up their mind about what food they want to serve,House Number,1983 Shattuck Ave,Name,Taqueria House,Phone Number,510-391-2570,bearing,-103.768447
37.8725302242,-122.268241848,61.24,business,Comment,haircuts very expensive,House Number,1983 Shattuck Ave,Name,The Cutaway Haircutting,Phone Number,510-735-2766,bearing,-103.497209
37.8725336841,-122.268275144,63.433,business,Comment,I'm pretty sure this is the fake brazil cafe,House Number,1983 Shattuck Ave,Name,Brazil Cafe,Phone Number,510-537-4670,bearing,-106.611297
37.8725758891,-122.268272896,62.955,business,Comment,Zatar: generic name for middle eastern herbs,House Number,1979 Shattuck Ave,Name,Zatar,Phone Number,510-721-7855,bearing,-102.680032
37.8726922578,-122.26826121,61.621,business,Comment,their metal frames are especially worthy,House Number,1975 Shattuck Ave,Name,Expert Picture Framing,Phone Number,510-431-2568,bearing,-105.119966
37.8727371972,-122.268318573,61.299,business,Comment,this place smells like shampoo - not recommended,House Number,1961 Shattuck Ave,Name,Beauty Supply Shop,Phone Number,510-680-5356,bearing,-102.970707
37.8725354383,-122.268594304,60.195,business,Comment,$9 dinner for 2,House Number,1984 Shattuck Ave,Name,Turkish Cuisine,Phone Number,510-515-7117,bearing,90.730574
37.8726502065,-122.268596299,61.645,business,Comment,good despite its name,House Number,1974 Shattuck Ave,Name,Spats Diner,Phone Number,510-583-5283,bearing,93.100776
37.8727564093,-122.268628498,61.083,business,Comment,good despite its name,House Number,1974 Shattuck Ave,Name,Spats Diner,Phone Number,510-583-5283,bearing,91.38218
37.8727953914,-122.268286101,61.477,business,Comment,yet another overpriced haircut place,House Number,1961 Shattuck Ave,Name,Hair Skin Nail,Phone Number,510-118-1480,bearing,-100.713677
37.8728609464,-122.268313715,61.892,business,Comment,they have another location just south of here on the right,House Number,1961 Shattuck Ave,Name,Missing Link Bicycle Cooperative,Phone Number,510-654-3023,bearing,-99.874318
37.8729873372,-122.268310054,61.383,business,Comment,nothing here is actually green,House Number,2108 Berkeley Way,Name,Evergreen Cafe,Phone Number,510-810-2774,bearing,-99.986421
37.8729499581,-122.268300274,61.141,business,Comment,karate lessons for all ages,House Number,2108 Berkeley Way,Name,Nyote West,Phone Number,510-720-1436,bearing,-102.130994
37.8729008067,-122.268301515,61.695,business,Comment,lots of imitation jewelry,House Number,1961 Shattuck Ave,Name,Shattuck JEWELRY,Phone Number,510-258-6891,bearing,-99.150179
37.872852475,-122.268622223,61.541,business,Comment,there used to be a bookstore here,House Number,1950 Shattuck Ave,Name,JD Properties,Phone Number,510-209-7654,bearing,89.479615
37.873021523,-122.268822007,62.757,business,Comment,they say Morgans have owned this buliding for 150 years,House Number,2053 Berkeley Way,Name,Morgan House,Phone Number,510-158-9778,bearing,172.238699
37.8728593224,-122.268832661,63.432,business,Comment,Low quality windows distorted by heat,House Number,1950 Shattuck Ave,Name,Brown Store,Phone Number,510-530-5915,bearing,-12.284849
37.8728379976,-122.268958493,62.657,business,Comment,Closed since 2007,House Number,2020-2098 Berkeley Way,Name,Closed Shop,Phone Number,510-231-3609,bearing,-16.620508
37.8724749386,-122.269757437,64.414,business,Comment,2 stars,House Number,2029 University Ave,Name,Hotel <?>,Phone Number,510-665-1366,bearing,-15.189947
37.8726429559,-122.270227703,62.124,business,Comment,cheap rooms for rent,House Number,2008 Berkeley Way,Name,Motel Milvia,Phone Number,510-377-2579,bearing,-10.574078
37.8719180913,-122.269101264,59.27,business,Comment,reasonably cheap ramen,House Number,2068 University Ave,Name,Ramen House,Phone Number,510-962-1740,bearing,-12.36768
37.8719257045,-122.269179677,58.845,business,Comment,I'm not sure why you wouldn't order off amazon - but at least you can browse,House Number,2066 University Ave,Name,Eastwind Bookstore,Phone Number,510-724-8938,bearing,-14.144554
37.8719322267,-122.269022758,59.515,business,Comment,Internet music?,House Number,2072 University Ave,Name,Internet Music Cafe,Phone Number,510-646-3315,bearing,-14.107836
37.8718801388,-122.269443849,64.597,business,Comment,Anonymous banking buildling,House Number,2054 University Ave,Name,Unknown Bank,Phone Number,510-833-4526,bearing,-9.643147
37.8721445879,-122.269623486,58.413,business,Comment,chlorine smelling,House Number,2041 University Ave,Name,Good Day Spa,Phone Number,510-732-7270,bearing,174.006356
37.8721602253,-122.269573522,58.15,business,Comment,gentle and precise,House Number,2043 University Ave,Name,Gentle Hair Cuts,Phone Number,510-605-4611,bearing,172.592164
37.8721588316,-122.269451654,58.707,business,Comment,Staff seemed inexperienced,House Number,2112 Berkeley Way,Name,Blow Salon,Phone Number,510-644-197,bearing,172.391012
37.8721667668,-122.269398743,58.664,business,Comment,hobby store - has a ridiculous selection of beads,House Number,2057 University Ave,Name,Beads Castle,Phone Number,510-224-7231,bearing,172.687562
37.8721439972,-122.269675499,57.919,business,Comment,conveniently always in the shade,House Number,2039 University Ave,Name,Berkeley Shade Co.,Phone Number,510-929-5702,bearing,175.468464
37.8721186686,-122.2697336,58.491,business,Comment,t shirts are mostly of the same type,House Number,2017 University Ave,Name,Fantasy T shirts,Phone Number,510-250-6323,bearing,173.97792
37.8721053196,-122.269813524,58.656,business,Comment,I'm still not sure what they sell here,House Number,2035 University Ave,Name,LHASA Salon,Phone Number,510-460-8205,bearing,174.335375
37.8720790537,-122.270031419,58.42,business,Comment,basic chinese food,House Number,2021 University Ave,Name,Trpoical Paradise Restaurant,Phone Number,510-589-5739,bearing,173.272811
37.8720960551,-122.26990801,57.836,business,Comment,expert manicures,House Number,2017 University Ave,Name,Nail Image,Phone Number,510-543-1834,bearing,172.426989
37.8720481287,-122.27031822,57.617,business,Comment,I've bought all my linens from here,House Number,2011 University Ave,Name,Shrimati's,Phone Number,510-313-8537,bearing,173.890582
37.8727412043,-122.267055601,64.172,business,Comment,this is the saddest ace hardware store I've ever seen,House Number,1900 Walnut St,Name,Ace Hardware,Phone Number,510-296-7160,bearing,86.185397
37.8727093282,-122.267045093,63.387,business,Comment,same as ace hardware,House Number,1900 Walnut St,Name,Berkeley Hardware,Phone Number,510-567-1081,bearing,86.687633
37.8729134027,-122.26711235,66.442,business,Comment,cedar shingles - not fire resistant,House Number,1930 Walnut St,Name,Cedar Properties,Phone Number,510-306-2063,bearing,86.207507
37.873049617,-122.267138975,68.181,business,Comment,not the daily cal,House Number,2034 Berkeley Way,Name,University of California Press,Phone Number,510-382-9119,bearing,85.276936
37.8733635604,-122.268686062,62.621,business,Comment,like northside cafe,House Number,1920 Shattuck Ave,Name,Chick Peas,Phone Number,510-682-7300,bearing,87.659799
37.8732939009,-122.268681386,62.543,business,Comment,run by an old korean guy,House Number,1928 Shattuck Ave,Name,Dr. Harlan Optometry,Phone Number,510-985-9863,bearing,88.625483
37.8731911086,-122.268680616,62.206,business,Comment,sells shoe oils,House Number,1934 Shattuck Ave,Name,Shoe Renewal,Phone Number,510-978-5526,bearing,86.426466
37.8731544103,-122.268658922,61.939,business,Comment,lots of asian spices,House Number,1934 Shattuck Ave,Name,Lorsa Karnak Herb Co.,Phone Number,510-680-8668,bearing,83.66393
37.8713743566,-122.267336082,61.364,business,Comment,try their pastrami,House Number,2107 Addison St,Name,Addison Armor Cafe,Phone Number,510-279-6819,bearing,172.208713
37.8712147785,-122.26726422,61.509,business,Comment,reliable,House Number,NA,Name,Patrico Credit Union,Phone Number,541-719-5598,bearing,-12.263529
37.8721865337,-122.267195877,62.17,business,Comment,as good as expected from the name,House Number,2138 University Ave,Name,May Flower Chinese Restaurant,Phone Number,510-883-9788,bearing,-12.630322
37.872110169,-122.267499905,61.518,business,Comment,not for hearty eaters,House Number,2037 Shattuck Ave,Name,La Rose Bistro,Phone Number,510-644-1913
37.8704225044,-122.267785166,58.43,business,Comment,cluttered - see the shop across the street,House Number,2125 University Ave,Name,Copy Shop,Phone Number,510-798-2611,bearing,-171.463761
37.8723904673,-122.267611444,61.407,business,Comment,24 hour replication service,House Number,2133 University Ave,Name,Krishna Copy Center,Phone Number,510-283-7331,bearing,172.167057
37.8723976346,-122.267527709,61.964,business,Comment,they mostly do delivery,House Number,2127 University Ave,Name,Domino's Pizza,Phone Number,510-994-2934,bearing,171.294879
37.8724212124,-122.267459601,61.396,business,Comment,in general amazing food,House Number,2131 University Ave,Name,Lej Vegi House,Phone Number,510-677-1611,bearing,169.632562
37.8724253082,-122.267417599,62.229,business,Comment,chinese jewelry with jade here,House Number,2131 University Ave,Name,Acherson Bldg,Phone Number,510-110-7306,bearing,170.470183
37.8724319934,-122.267274812,61.676,business,Comment,they do repairs for under $15 and a day,House Number,2131 University Ave,Name,Mike's Bicycle Center,Phone Number,510-705-2946,bearing,170.424439
37.8724587893,-122.267114905,61.768,business,Comment,ace hardware and more,House Number,2145 University Ave,Name,Berkeley Hardware Store,Phone Number,510-213-8743,bearing,174.216104
37.8722500607,-122.268719932,61.291,business,Comment,$1 meal,House Number,2079 University Ave,Name,McDonalds,Phone Number,510-716-9755,bearing,174.681793
37.8722337812,-122.268874956,59.223,business,Comment,their name is terrible but the cuts good,House Number,2071 University Ave,Name,The Cutting Board,Phone Number,510-434-6300,bearing,173.236716
37.8721684666,-122.269206375,59.864,business,Comment,it's slow slow,House Number,2059 University Ave,Name,Berkeley Sewing and Cleaning,Phone Number,510-352-2691,bearing,173.926843
37.8722284141,-122.269047352,58.681,business,Comment,roast lamb is great; potatoes mediocre,House Number,2071 University Ave,Name,Ank Hong,Phone Number,510-871-4855,bearing,172.304811
37.8718177785,-122.269981409,58.181,business,Comment,good sushi for <$10,House Number,2022 University Ave,Name,Ayakakia,Phone Number,510-274-3515,bearing,-13.891503
37.8718002519,-122.270079793,56.793,business,Comment,cheaper than copycentral but with less machines,House Number,2022 University Ave,Name,Fast Imaging,Phone Number,510-420-5214,bearing,-13.765283
37.8717906326,-122.270147416,57.224,business,Comment,great decor!,House Number,2022 University Ave,Name,Cafe Tibet,Phone Number,510-995-1055,bearing,-12.133593
37.8717724728,-122.270199297,57.439,business,Comment,great facets!,House Number,2020 University Ave,Name,Tibet Jewels,Phone Number,510-462-6469,bearing,-10.384233
37.8717788179,-122.27029934,60.887,business,Comment,they've renovated the inside - looks really modern,House Number,2004 University Ave,Name,Berkeley Apartments,Phone Number,510-439-6637,bearing,-9.372344
37.871757987,-122.270348875,56.641,business,Comment,flowers for you,House Number,2004 University Ave,Name,Darlington Shop,Phone Number,510-734-3176,bearing,-13.13673
37.8720309741,-122.270478138,56.295,business,Comment,mostly modern styles; lots of fiber,House Number,2001 University Ave,Name,NIQ Home Improvement,Phone Number,510-293-5400,bearing,175.114525
37.8716434902,-122.271243276,57.012,business,Comment,PUBLIC NOTICE: RECALL ON ALL 4-thread TIRES,House Number,1964 University Ave,Name,Firestone,Phone Number,510-837-6075,bearing,-12.321166
37.8716283467,-122.271402757,55.351,business,Comment,they're an online business,House Number,1965 University Ave,Name,eVe,Phone Number,NA,bearing,-9.999033
37.8714656025,-122.27274948,53.812,business,Comment,also have convenience store,House Number,2133 MLK Way,Name,Valero Gas,Phone Number,510-389-4411,bearing,-12.267232
37.8715488181,-122.271937598,55.713,business,Comment,management is horrible; won't fix anything,House Number,1942-1948 University Ave,Name,Zobe Hotel,Phone Number,510-520-7601,bearing,-12.171088
37.8715424447,-122.271958537,55.585,business,Comment,excellent silk clothes,House Number,1946 University Ave,Name,Silkroad,Phone Number,510-543-8131,bearing,-11.557873
37.8715312619,-122.272059577,56.076,business,Comment,staff are friendly,House Number,1925 University Ave,Name,The Promenade,Phone Number,510-323-4666,bearing,-11.311344
37.8718112383,-122.272077381,57.778,business,Comment,they don't sell fish actually,House Number,1941 University Ave,Name,Fish Castle,Phone Number,510-708-7140,bearing,172.152385
37.8718133755,-122.272225338,55.386,business,Comment,lots of alcoholic beverages,House Number,1929 University Ave,Name,Fred's Market,Phone Number,510-278-8640,bearing,172.720268
37.8717787044,-122.272323688,55.387,business,Comment,their soup is amazing and free,House Number,1929 University Ave,Name,Plearn Restaurant,Phone Number,510-870-3826,bearing,171.548208
37.871753221,-122.272517248,54.793,business,Comment,they sell hot tubs; and do installation for ~$200 extra,House Number,1915 University Ave,Name,The Hot Tubs,Phone Number,510-278-8826,bearing,172.208745
37.8717400131,-122.2726653,52.845,business,Comment,all essential materials here,House Number,1909 University Ave,Name,Utrecht Art Supplies,Phone Number,510-307-6161,bearing,172.15493
37.8714874904,-122.272641903,53.448,business, some meat too,undefined,Comment,wide vegetarian selection,House Number,1907 University Ave,Name,Udupi Palace,Phone Number,510-191-3241,bearing,-7.700778
37.8717190916,-122.272779387,53.923,business,Comment,fine threading,House Number,1951 Martin Luther King Jr Way,Name,Indonesia Palace,Phone Number,510-601-1719,bearing,174.429514
37.8718675547,-122.27290023,52.911,business,Comment,quality for cheap,House Number,1944 Martin Luther King Jr Way,Name,MM Thread Salon,Phone Number,510-134-8111,bearing,-96.118175
37.8719676603,-122.27290613,52.582,business,Comment,not cheap,House Number,1942 Martin Luther King Jr Way,Name,Max and Company Real Estate,Phone Number,510-122-1222,bearing,-96.091893
37.8720605693,-122.27292132,53.454,business,Comment,nothing looks like a flamingo inside,House Number,1935 Martin Luther King Jr Way,Name,Flamingo Cleaners,Phone Number,510-645-7576,bearing,-95.400503
37.8721884809,-122.272927984,53.889,business,Comment,guarded by the portraits,House Number,1935 Martin Luther King Jr Way,Name,Mysterious Motel,Phone Number,510-789-1532,bearing,-94.558434
37.8723473811,-122.272946956,54.102,business,Comment,for the fashion minded,House Number,1901 Martin Luther King Jr Way,Name,Eclipse Hair Salon,Phone Number,510-433-1183,bearing,-94.155093
37.8699373077,-122.270151479,53.852,business,Comment,not much good for studying - tables are too small,House Number,2002 Center St,Name,K's Internet Cafe,Phone Number,510-887-2976,bearing,-11.103782
37.8690449319,-122.269072611,54.967,business,Comment,their reception room has the best chairs,House Number,2070 Allston Way,Name,<undefined>,Phone Number,510-630-8189,bearing,-11.980877
37.8684411247,-122.267600721,57.551,business,Comment,great spot for studying,House Number,2255 Shattuck Ave,Name,Peet's Coffee and Tea,Phone Number,510-282-7664,bearing,-9.410358
37.8724879647,-122.266767465,64.059,business,Comment,mango smoothies and tri-tip sandwiches,House Number,2161 University Ave,Name,Brazil Cafe,Phone Number,510-852-6435,bearing,171.976399
37.8720080148,-122.267908231,62.74,business,Comment,busy on weekdays,House Number,70 Shattuck Ave,Name,CopyCentral,Phone Number,510-359-2761,bearing,83.953648
37.8722898207,-122.268519485,60.64,business,Comment,eat healthy,House Number,1998 Shattuck Ave,Name,McDonalds,Phone Number,510-988-9840,bearing,83.430383
37.8723177834,-122.26813389,61.288,business,Comment,place looks sharp inside,House Number,2105 University Ave,Name,Makris Cafe,Phone Number,510-284-1608,bearing,171.18261
37.8719967369,-122.268530095,61.237,business,Comment,eat healthy,House Number,1998 Shattuck Ave,Name,McDonalds,Phone Number,510-988-9840
37.8722123902,-122.268950299,62.55,business,Comment,great service,House Number,2071 University Ave,Name,Taiwan Restaurant,Phone Number,510-490-8579,bearing,171.53158
37.8721738321,-122.269291479,58.491,business,Comment,see their web site for more info,House Number,2059 University Ave,Name,University Hotel,Phone Number,510-565-7416,bearing,170.440951
37.8721509214,-122.269338912,59.643,business,Comment,not recommended for the elderly,House Number,2057 University Ave,Name,Coin Laundry,Phone Number,510-866-2271,bearing,172.858102
37.8719501325,-122.269222688,60.558,business,Comment,call them in advance,House Number,2058 University Ave,Name,Goodwill,Phone Number,510-877-8656,bearing,-12.327041
37.8718629211,-122.269590364,59.216,business,Comment,not recommended for the elderly,House Number,2048 University Ave,Name,LAN Beauty Salon,Phone Number,510-264-8740,bearing,-13.07088
37.8718696627,-122.269705399,58.754,business,Comment,recent renovation looks great,House Number,2048 University Ave,Name,Cafe Platano,Phone Number,510-266-5407,bearing,-11.858887
37.8718264669,-122.269875598,59.094,business,Comment,place looks sharp inside,House Number,2036 University Ave,Name,For Lease,Phone Number,510-851-3889,bearing,-11.11992
37.8714514238,-122.271129011,57.453,business,Comment,infamous for their recalled tires,House Number,1974 University Ave,Name,Firestone Tires,Phone Number,510-903-6417,bearing,83.309814
37.8709490421,-122.272694989,53.319,business,Comment,see their web site for more info,House Number,2099 Martin Luther King Jr Way,Name,Goodyear,Phone Number,510-386-2400,bearing,171.650154
37.8705181205,-122.272754332,51.293,business,Comment,"foor was mediocre to poor",House Number,2033 MLK Way,Name,Sushi California,Phone Number,510-548-0737
37.8715465473,-122.270603236,57.545,business,Comment,excellent pastries,House Number,1785 Milvia St,Name,Coquelet Cafe,Phone Number,510-382-1499,bearing,-95.944193
37.8697291339,-122.266037217,62.365,business,Comment,reasonably priced for the average student,House Number,2175 Allston Way,Name,Azerberian Restaurant,Phone Number,510-653-4534,bearing,170.788765
37.8696997897,-122.266163909,61.889,business,Comment,busy on weekdays,House Number,2171 Allston Way,Name,Saleil Tanning Salons,Phone Number,510-402-7628
37.869669686,-122.266559571,60.694,business,Comment,their manager is really friendly,House Number,2121-2161 Allston Way,Name,Cartridge World,Phone Number,510-766-4448,bearing,173.246956
37.8693275623,-122.267696476,58.503,business,Comment,reasonably priced for the average student,House Number,2116 Allston Way,Name,Gaia Arts,Phone Number,510-507-6343,bearing,-94.261435
37.8695775519,-122.267234675,61.656,business,Comment,recent renovation looks great,House Number,2115 Allston Way,Name,Jupiter,Phone Number,510-253-1673,bearing,170.223465
37.8695213837,-122.268246502,59.568,business,Comment,great service,House Number,2061-2099 Allston Way,Name,Spirit General Store,Phone Number,510-774-3535,bearing,88.10966
37.8695278882,-122.267685688,64.237,business,Comment,lower your expectations,House Number,2115 Allston Way,Name,WALGREENS Pharmacy,Phone Number,510-262-2181,bearing,-83.957175
37.8697784772,-122.267703195,59.58,business,Comment,not recommended for the elderly,House Number,2181 Shattuck Ave,Name,Jupiter - main entrance,Phone Number,510-763-9772,bearing,-85.063472
37.8697181877,-122.268263835,65.533,business,Comment,great service,House Number,2168 Shattuck Ave,Name,Blue Motels,Phone Number,510-215-3371,bearing,89.247735
37.8689426142,-122.267676154,58.172,business, but it still works!,undefined,Comment,very few bars,House Number,2220 Shattuck Ave,Name,Verizon Wireless,Phone Number,510-444-1432,bearing,-102.705606
37.8688476585,-122.26766711,58.242,business,Comment,hit or miss,House Number,2233 Shattuck Ave,Name,ALKO symbolic store,Phone Number,510-582-7466,bearing,-97.058216
37.8687587037,-122.267642011,59.506,business,Comment,lower your expectations,House Number,2233 Shattuck Ave,Name,ezSTOP deli - specializes in ham,Phone Number,510-874-7870,bearing,-93.409247
37.8687179274,-122.268120911,61.194,business,Comment,<coming soon>,House Number,2236 Shattuck Ave,Name,Yogurtland,Phone Number,510-???-????,bearing,91.946384
37.8687901151,-122.268185691,57.429,business,Comment,great selection,House Number,2224 Shattuck Ave,Name,Starbucks Coffee,Phone Number,510-910-8046,bearing,88.787117
37.8688461236,-122.26818315,58.567,business,Comment,call them in advance,House Number,2230 Shattuck Ave,Name,Bowzer's Pizza,Phone Number,510-708-3155,bearing,91.170862
37.8689653348,-122.268225032,57.601,business,Comment,they sell lots of picture frames here for low prices,House Number,2222 Shattuck Ave,Name,Picture Frame Shop,Phone Number,510-417-3388,bearing,88.319457
37.8690579878,-122.268220609,56.678,business,Comment,really cheap,House Number,2204 Shattuck Ave,Name,Postage Store,Phone Number,510-273-6318,bearing,88.548235
37.8691395874,-122.268216605,58.548,business,Comment,great selection,House Number,2204 Shattuck Ave,Name,Planet Juice,Phone Number,510-649-1569,bearing,90.891449
37.8692523895,-122.268288239,59.0,business,Comment,busy on weekdays,House Number,2086 Allston Way,Name,GameStop - board games and video games,Phone Number,510-109-5058,bearing,-6.683349
37.8692279669,-122.268449859,58.308,business,Comment,their manager is really friendly,House Number,2086 Allston Way,Name,Hotel Shattuck Plaza,Phone Number,510-898-1331,bearing,-10.644854
37.8690930978,-122.269364305,55.271,business,Comment,the workers are nice,House Number,2201-2299 Harold Way,Name,Bicycle Repair shop,Phone Number,510-725-3703,bearing,85.302602
37.8710187291,-122.268761422,57.001,business,Comment,great service,House Number,2080 Addison St,Name,Berkeley City College,Phone Number,510-716-8853,bearing,-9.027224
37.8710148946,-122.268826341,56.836,business,Comment,great selection,House Number,2080 Addison St,Name,24/7 Fitness Bike Shop,Phone Number,510-677-9833,bearing,-8.74234
37.8711943616,-122.268733098,56.518,business,Comment,their manager is really friendly,House Number,2071 Addison St,Name,Auborn Theatre - old movies,Phone Number,510-267-2605,bearing,171.201396
37.8709893637,-122.269127592,55.545,business,Comment,really cheap,House Number,2072 Addison St,Name,Shady sunglasses,Phone Number,510-635-1487,bearing,-9.916911
37.870976536,-122.269169356,55.622,business,Comment,doesn't actually work; too expensive,House Number,2040 Addison St,Name,Raw Energy - negative pain clinic,Phone Number,510-497-4830,bearing,-9.145839
37.8711271003,-122.269326611,55.796,business,Comment,solid financial institution,House Number,2011 Shattuck,Name,Wells Fargo Bank,Phone Number,510-842-5228,bearing,170.202769
37.8708855409,-122.269737834,56.356,business,Comment,really cheap,House Number,2020 Addison St,Name,Freight Coffee,Phone Number,510-944-8293,bearing,-12.335383
37.8692355759,-122.269505292,58.985,business,Comment,hit or miss,House Number,2001 Allston Way,Name,YMCA Day Camp,Phone Number,510-442-2510,bearing,171.201166
37.8692911935,-122.269182916,56.24,business,Comment,great service,House Number,2001 Allston Way,Name,Hotel Shattuck Plaza,Phone Number,510-413-9399,bearing,171.505731
37.8720588283,-122.270179594,57.433,business,Comment,expert tailors,House Number,2018 University Ave,Name,Uni Tailor Alterations,Phone Number,510-166-2341,bearing,172.059996
37.8716165681,-122.27147918,55.685,business,Comment,they're an online business,House Number,1965 University Ave,Name,eVe,Phone Number,NA,bearing,-10.632149
37.8717368134,-122.272892614,53.337,business, some meat too,undefined,Comment,wide vegetarian selection,House Number,1907 University Ave,Name,Udupi Palace,Phone Number,510-191-3241,bearing,-96.655078
37.8720024676,-122.272912735,53.038,business,Comment,very expensive,House Number,1942 Martin Luther King Jr Way,Name,Max and Company Real Estate,Phone Number,510-122-1222,bearing,-97.219753
37.8726425784,-122.27326715,55.035,business,Comment,for the fashion minded,House Number,1901 Martin Luther King Jr Way,Name,Eclipse Hair Salon,Phone Number,510-433-1183,bearing,85.472895
37.8715635484,-122.267591389,60.476,business,Comment,"eat fresh",House Number,92 Shattuck Ave,Name,Subway,Phone Number,510-382-4891,bearing,-94.312146
37.8721373375,-122.267322657,60.559,business,Comment,cheap readers,House Number,2139 University Ave,Name,Instant Copying,Phone Number,510-126-52111,bearing,-11.328389
37.8721788605,-122.267134559,63.321,business,Comment,as good as expected from the name,House Number,2138 University Ave,Name,May Flower Chinese Restaurant,Phone Number,510-883-9788,bearing,-10.478961
37.8709495573,-122.269289581,56.316,business,Comment,cheap media,House Number,2070 Allston Way,Name,Disc Makers,Phone Number,510-309-5847,bearing,-11.163683
37.8658572395,-122.267789252,56.066,business,Comment,overnight rentals cheaper,House Number,1083 Channing Way,Name,Blockbusters,Phone Number,510-444-2241,bearing,86.922662
37.8661658607,-122.267862556,55.161,business,Comment,newly opened,House Number,1032 Shattuck Ave,Name,Creations,Phone Number,510-392-4811,bearing,88.253467
37.8664020069,-122.267912258,56.295,business,Comment,closest office store to campus,House Number,1034 Shattuck Ave,Name,Staples,Phone Number,510-392-1811,bearing,88.827044
37.8665402876,-122.267940373,59.888,Staples Logo,Field 1,,Field 2,,Field 3,,Field 4,,name,Staples Logo,bearing,88.560118
37.866909815,-122.267981431,55.557,business,Comment,faster than USPS,House Number,1056 Shattuck Ave,Name,The UPS Store,Phone Number,510-183-1419,bearing,85.879981
37.8674494316,-122.268053241,56.229,business,Comment,basic groceries,House Number,1058 Shattuck Ave,Name,CVS Pharmacy,Phone Number,584-924-1833,bearing,84.328728
37.8676359941,-122.268077974,56.533,business,Comment,The service here can be spotty,House Number,2377 Shattuck Ave,Name,La Note Restaurant Provencal,Phone Number,510-843-1535,bearing,86.516068
37.8674113158,-122.267468182,57.056,business,Comment,reliable service,House Number,1066 Shattuck Ave,Name,Mechanics Bank,Phone Number,510-333-2941,bearing,-96.192744
37.867000844,-122.267445272,59.08,business,Comment,service is slow on weekends,House Number,1069 Shattuck Ave,Name,Union Bank,Phone Number,510-341-3911,bearing,-96.457456
37.8670840364,-122.267453514,57.45,business,Comment,good salads,House Number,1067 Shattuck Ave,Name,Venus Cafe,Phone Number,510-382-1111,bearing,-95.7754
37.866509564,-122.267382108,57.675,business,Comment,a good selection of mythology,House Number,1077 Shattuck Ave,Name,Pegasus Books,Phone Number,510-392-1481,bearing,-100.60035
37.8662144591,-122.267356948,57.538,business,Comment,avoid the sushi,House Number,2369 Shattuck Ave,Name,Nanayiro Restaurant,Phone Number,510-848-1744,bearing,-97.057883
37.8662877441,-122.267357178,57.299,business, not spectacular,undefined,Comment,Prices here are reasonable,House Number,2367 Shattuck Ave,Name,Thalassa,Phone Number,510-848-1766,bearing,-97.665072
37.865935804,-122.267351357,56.68,business,Comment,less than $5 usually,House Number,2368 Shattuck Ave,Name,Discount Store,Phone Number,510-141-1414,bearing,-96.070228
37.8660743148,-122.26736261,55.932,business,Comment,less than $5 usually,House Number,2368 Shattuck Ave,Name,Discount Store,Phone Number,510-141-1414,bearing,-96.969139
37.8691276503,-122.267666692,58.553,business, but it still works!,undefined,Comment,very few bars,House Number,2220 Shattuck Ave,Name,Verizon Wireless,Phone Number,510-444-1432,bearing,-93.078843
37.8698542082,-122.267694315,59.091,business,Comment,new - no ratings,House Number,2177 Shattuck Ave,Name,Twisters Berkeley Online Ordering,Phone Number,510-644-4411,bearing,-86.117559
37.8700389572,-122.267695913,59.301,business,Comment,live well,House Number,2176 Shattuck Ave,Name,GNC,Phone Number,510-333-1191,bearing,-87.414028
37.8700754071,-122.267674978,58.732,business,Comment,put out of business by walgreens,House Number,2174 Shattuck Ave,Name,formerly Quality Photo Lab,Phone Number,510-919-2384,bearing,-89.282411
37.8701637119,-122.267664098,60.297,business,Comment,sells primarily board games,House Number,2173 Shattuck Ave,Name,Games of Berkeley,Phone Number,510-919-2194,bearing,-93.049394
37.8699535196,-122.268294023,60.655,business,Comment,good place to meet people,House Number,2159 Shattuck Ave,Name,Tully's Coffee,Phone Number,5190743012877,bearing,87.485636
37.869888145,-122.268292804,58.642,business,Comment,gelato is always better than ice cream,House Number,2170 Shattuck Ave,Name,Alamare GELATO,Phone Number,510-649-1888,bearing,89.623111
37.869690998,-122.26826751,59.266,business,Comment,the other wireless company,House Number,2180 Shattuck Ave,Name,AT&T,Phone Number,510-486-0668,bearing,90.141602
37.8685973106,-122.268160024,57.5,business,Comment,decor is cute,House Number,2240 Shattuck Ave,Name,The Original Mels,Phone Number,510-805-0000,bearing,89.06701
37.8686294986,-122.26820794,56.918,business,Comment,<coming soon>,House Number,2236 Shattuck Ave,Name,Yogurtland,Phone Number,510-???-????,bearing,88.096556
37.86790113,-122.268074134,56.228,business,Comment,I've heard really bad things...,House Number,2272 Shattuck Ave,Name,Everest Properties,Phone Number,510-838-1934,bearing,88.977719
37.8678430507,-122.268074105,56.374,business,Comment,no ratings  yet,House Number,2284 Shattuck Ave,Name,Passand Lounge,Phone Number,510-848-0260,bearing,87.827869
37.8703081741,-122.266168992,60.447,business, the food is ok,undefined,Comment,the music is fun,House Number,2164 Center St,Name,La Cascada Taqueria,Phone Number,510-704-8668,bearing,-13.041576
37.870421042,-122.26632866,61.591,business,Comment,the most obscure location,House Number,2160 Center St,Name,Top Dog #5,Phone Number,510-849-0176,bearing,-13.599157
37.8704247178,-122.266384125,61.692,business, but good,undefined,Comment,less classy than the northside one,House Number,2161 Center St,Name,Bongo Burger,Phone Number,510-811-0176,bearing,-15.744648
37.8703566839,-122.266925372,60.861,business,Comment,not sure what's inside,House Number,2164 Center St,Name,Blank Store,Phone Number,510-333-4141,bearing,-18.828523
37.8699178705,-122.270307539,55.629,literally on center,Field 1,,Field 2,,Field 3,,Field 4,,name,literally on center,bearing,-12.899687
37.8692284358,-122.27317222,56.285,a most ancient cathedral,Field 1,,Field 2,,Field 3,,Field 4,,name,a most ancient cathedral,bearing,84.609451
37.8699622712,-122.27301597,54.663,Public Safety Building,Field 1,,Field 2,,Field 3,,Field 4,,name,Public Safety Building,bearing,84.142376
37.870285122,-122.272563174,51.802,2105 House,Field 2,,Field 3,,Field 4,,Rating,***,name,2105 House,bearing,-99.576248
37.8711472102,-122.272829792,51.954,business,Comment,"foor was mediocre to poor",House Number,2033 MLK Way,Name,Sushi California,Phone Number,510-548-0737,bearing,-93.000604
37.8712327397,-122.273263452,52.629,business,Comment,also have convenience store,House Number,2133 MLK Way,Name,Valero Gas,Phone Number,510-389-4411,bearing,-9.579332
37.872125794,-122.27320196,56.068,IDA Under Construction,Field 1,,Field 2,,Field 3,,Field 4,,name,IDA Under Construction,bearing,86.67927
37.8725792871,-122.272953605,57.091,House,Field 1,,Field 2,,Field 3,,Field 4,,name,House,bearing,173.466866
37.8725966267,-122.27281052,58.198,Townhouse,Field 1,,Field 2,,Field 3,,Field 4,,name,Townhouse,bearing,174.659565
37.8726324844,-122.272657966,58.679,House,Field 1,,Field 2,,Field 3,,Field 4,,name,House,bearing,175.250065
37.8726169865,-122.27248187,59.019,5 bedroom House,Field 1,,Field 2,,Field 3,,Field 4,,name,5 bedroom House,bearing,177.288344
37.8726153773,-122.272358358,59.052,2x 3 bedroom townhouse,Field 1,,Field 2,,Field 3,,Field 4,,name,2x 3 bedroom townhouse,bearing,-178.70799
37.8725990674,-122.272252023,60.531,Old Schoolbuilding,Field 1,,Field 2,,Field 3,,Field 4,,name,Old Schoolbuilding,bearing,176.8182
37.8724021381,-122.272469067,58.207,very old house,Field 1,,Field 2,,Field 3,,Field 4,,name,very old house,bearing,-10.170904
37.8724355603,-122.2722165,59.221,one of the newer properties,Field 1,,Field 2,,Field 3,,Field 4,,name,one of the newer properties,bearing,-7.373456
37.8722793352,-122.272675442,56.573,KPFA Broadcaster,Field 1,,Field 2,,Field 3,,Field 4,,name,KPFA Broadcaster,bearing,-10.580894
37.8725321531,-122.27336545,56.044,International RIVERS center,Field 1,,Field 2,,Field 3,,Field 4,,name,International RIVERS center,bearing,175.659462
37.8727161742,-122.271341111,64.0,complex houses 400,Field 1,,Field 2,,Field 3,,Field 4,,name,complex houses 400,bearing,169.234172
37.8728512326,-122.27043247,63.612,house,Field 1,,Field 2,,Field 3,,Field 4,,name,house,bearing,168.14614
37.8728867404,-122.270256198,65.964,very nice house,Field 1,,Field 2,,Field 3,,Field 4,,name,very nice house,bearing,172.429455
37.8728934271,-122.269839557,65.574,townhouse adjoining apartment,Field 1,,Field 2,,Field 3,,Field 4,,name,townhouse adjoining apartment,bearing,169.7215
37.8725160198,-122.269383707,63.712,business,Comment,good for coats,House Number,2047 Berkeley Way,Name,Tail Cleaning,Phone Number,419-391-9282,bearing,-12.306534
37.8730329801,-122.268049008,62.817,business,Comment,berkeleyvacuum.com,House Number,2018 Berkeley Way,Name,Berkeley Vacuum Center,Phone Number,510-540-6248,bearing,-14.152682
37.8730295153,-122.267915822,62.73,business,Comment,Staff seemed inexperienced,House Number,2112 Berkeley Way,Name,Blow Salon,Phone Number,510-644-197,bearing,-13.711561
37.8734678281,-122.267827305,83.419,the only high rise apartment complex,Field 1,,Field 2,,Field 3,,Field 4,,name,the only high rise apartment complex,bearing,168.886699
37.8738779369,-122.268311909,71.21,arched building in distance,Field 1,,Field 2,,Field 3,,Field 4,,name,arched building in distance,bearing,178.492772
37.8730609817,-122.267604656,65.442,business,Comment,not the daily cal,House Number,2034 Berkeley Way,Name,University of California Press,Phone Number,510-382-9119,bearing,-13.467128
37.8731575647,-122.266925568,68.776,looks rather run down compared to the one across the corner,Field 1,,Field 2,,Field 3,,Field 4,,name,looks rather run down compared to the one across the corner,bearing,-13.485365
37.8742552594,-122.266561241,74.475,mysterious building,Field 1,,Field 2,,Field 3,,Field 4,,name,mysterious building,bearing,176.628738
37.8734446048,-122.266381578,67.425,business,Comment,"Good lunch food",House Number,1920 Oxford St,Name,Yali's Oxford Street Cafe,Phone Number,510-843-2233,bearing,-179.747333
37.8730573828,-122.266428124,67.215,ACTransit station,Field 1,,Field 2,,Field 3,,Field 4,,name,ACTransit station,bearing,-12.472837
37.871778172,-122.265722574,65.587,The Crescent Glade,Field 1,,Field 2,,Field 3,,Field 4,,name,The Crescent Glade,bearing,-94.135115
37.8725269542,-122.266503564,66.596,business,Comment,great selection,House Number,2162 University Ave,Name,mikes bikes,Phone Number,510-238-6143,bearing,170.82328
37.8723697112,-122.267720287,62.552,business,Comment,500 sheets for less than $19,House Number,2124 University Ave,Name,Copy Edge,Phone Number,510-381-7122,bearing,173.236729
37.8723542138,-122.267913807,61.564,business,Comment,out of business,House Number,2124 University Ave,Name,SNORE,Phone Number,NA,bearing,170.695669
37.8723469075,-122.267959561,61.354,business,Comment,24 hour replication service,House Number,2133 University Ave,Name,Krishna Copy Center,Phone Number,510-283-7331,bearing,171.959724
37.8715313791,-122.272195014,56.228,business,Comment,staff are friendly,House Number,1925 University Ave,Name,The Promenade,Phone Number,510-323-4666,bearing,-1.388323
37.8706775119,-122.267877272,59.142,business, healthy food,undefined,Comment,clean,House Number,139 Berkeley Sq,Name,Little Mandarin,Phone Number,510-841-7655,bearing,104.07111
37.8707257233,-122.267898995,58.842,business, but not cheap,undefined,Comment,haircut quality award,House Number,136 Berkeley Sq,Name,Ivania Tausche Hair Designs,Phone Number,510-843-0934,bearing,107.421383
37.8707796094,-122.267881763,58.392,business,Comment,great with leather items,House Number,134 Berkeley Sq,Name,Berkeley Shoe and Luggage Repair,Phone Number,510-382-4711,bearing,108.537648
37.8708046929,-122.267867354,59.089,business,Comment,losing business...,House Number,132 Berkeley Sq,Name,East Bay Photo Lab,Phone Number,510-991-2283,bearing,109.38624
37.8708517041,-122.267862219,58.83,business,Comment,excellent anniversary gifts,House Number,130 Berkeley Sq,Name,Newberry's Gifts,Phone Number,510-873-1294,bearing,111.195928
37.8709061274,-122.267855344,59.346,business,Comment,the average chinese restaurant,House Number,128 Berkeley Sq,Name,Little Hunan Chinese Restaurant,Phone Number,510-382-8913,bearing,115.087194
37.8709910721,-122.267838445,59.65,business,Comment,average dental center,House Number,126 Berkeley Sq,Name,Western Dental Center,Phone Number,510-888-3914,bearing,105.396988
37.8710816651,-122.267843764,59.302,business,Comment,I never see anyone here,House Number,124 Berkeley Sq,Name,Desktop Design,Phone Number,510-838-1941,bearing,106.730512
37.8709573556,-122.267592421,61.634,business,Comment,"closest thing to NY pizza here",House Number,2119 Shattuck Ave,Name,Arinell Pizza Inc,Phone Number,510-841-4035,bearing,-86.283053
37.8707120348,-122.26758385,59.479,business,Comment,the nicest branch here,House Number,2129 Shattuck Ave,Name,Bank of America,Phone Number,510-273-5466,bearing,-85.835963
37.8713775105,-122.26757401,60.383,business,Comment,great banh coun,House Number,2045 Shattuck Ave,Name,Saigon Express,Phone Number,510-486-1778,bearing,-102.010286
37.8714419079,-122.267563617,60.167,business,Comment,not for hearty eaters,House Number,2037 Shattuck Ave,Name,La Rose Bistro,Phone Number,510-644-1913,bearing,-102.092119
37.8716319358,-122.267599517,60.859,business,Comment,awful,House Number,2025 Shattuck,Name,Mandarin Garden Restaurant,Phone Number,510-848-4849
37.8716966863,-122.267608628,61.32,business,Comment,permanently closed,House Number,91 Shattuck Sq,Name,Sun Hong Kong,Phone Number,NA,bearing,-103.884113
37.8717771102,-122.267614573,61.735,business,Comment,okay food on the greasy side,House Number,2017 Shattuck,Name,Ichiban Sushi,Phone Number,510-848-2200,bearing,-101.507754
37.8717294407,-122.267876156,61.472,United States Marine Corp,Field 1,,Field 2,,Field 3,,Field 4,,name,United States Marine Corp,bearing,89.321657
37.8717010247,-122.267880758,61.302,business,Comment,they had problems fixing mine,House Number,61 Shattuck,Name,Computer Repair,Phone Number,510-283-4828,bearing,88.312495
37.8716633679,-122.267888318,60.557,business,Comment,color copies at $.59,House Number,62 Shattuck,Name,LAzer Image,Phone Number,510-382-4911,bearing,90.954922
37.8714518584,-122.267871783,60.031,business,Comment,antiques look fake,House Number,52 Shattuck Ave,Name,Grown Antiques,Phone Number,510-328-1341,bearing,90.80639
37.8714073748,-122.267861378,59.585,business,Comment,great wedding gowns,House Number,50 Shattuck Ave,Name,Kate's Kouture,Phone Number,510-382-1419,bearing,82.597108
37.8713188634,-122.267849464,59.808,business,Comment,"eat fresh",House Number,92 Shattuck Ave,Name,Subway,Phone Number,510-382-4891,bearing,81.567718
37.8704225044,-122.267785166,58.43,business,Comment,not open to public,House Number,2100 Milvia St,Name,MSCI and Barra Co.,Phone Number,510-382-4911,bearing,-171.463761
37.8700560743,-122.27088579,61.555,building with obsidian windows,Field 1,,Field 2,,Field 3,,Field 4,,name,building with obsidian windows,bearing,171.350179
37.8703728823,-122.270455338,53.684,business,Comment,great tuna sandwich,House Number,2048 Milvia St,Name,Nuhays Cafe,Phone Number,510-283-1828,bearing,-100.0383
37.8702155082,-122.270449326,55.663,business,Comment,no comment,House Number,2125 Milvia,Name,Concrete Building,Phone Number,510-384-1932,bearing,-97.148856
37.8711004605,-122.270552041,58.385,giant array of squares,Field 1,,Field 2,,Field 3,,Field 4,,name,giant array of squares,bearing,-96.424614
37.8717265122,-122.270592714,57.201,business,Comment,excellent pastries,House Number,1785 Milvia St,Name,Coquelet Cafe,Phone Number,510-382-1499,bearing,-10.658277
37.8710117625,-122.270214252,61.117,japanese promotion society center,Field 1,,Field 2,,Field 3,,Field 4,,name,japanese promotion society center,bearing,177.121591
37.8710612178,-122.269712456,58.053,business,Comment,rating: ****,House Number,2015-2025 Addison St,Name,Roda Theatre,Phone Number,510-382-4811,bearing,174.783888
37.8708646311,-122.269648655,55.414,business,Comment,most excellent sandwiches,House Number,2020 Addison St.,Name,Freight & Vage Coffee,Phone Number,510-381-3823,bearing,-11.474411
37.8704556648,-122.268365282,62.828,business,Comment,solid financial institution,House Number,2011 Shattuck,Name,Wells Fargo Bank,Phone Number,510-842-5228,bearing,85.814948
37.8705688687,-122.268385866,59.03,business,Comment,fast lunch service,House Number,2141 Shattuck Ave,Name,Amanda's,Phone Number,510-491-8100,bearing,87.732924
37.8706601083,-122.268401502,58.132,business,Comment,fast lunch service,House Number,2142 Shattuck Ave,Name,Berkeley Hearing Center,Phone Number,510-841-0681,bearing,89.005742
37.8706601083,-122.268401502,58.132,business,Comment,crispy and healthy,House Number,2144 Shattuck Ave,Name,SanJuan Bagels,Phone Number,510-818-4576,bearing,89.005742
37.8707541057,-122.268404512,58.852,business,Comment,cell phones sold here too,House Number,2146 Shattuck Ave,Name,AT&T central,Phone Number,510-382-4193,bearing,84.670186
37.8708629091,-122.268407607,58.969,business,Comment,authentic mexican food,House Number,2148 Shattuck Ave,Name,Original Pollo,Phone Number,510-999-1341,bearing,85.600789
37.871267271,-122.2684356,59.27,business,Comment,they really are half price!,House Number,2036 Shattuck Ave,Name,Half Price Books,Phone Number,510-526-6080,bearing,82.533973
37.8714584948,-122.268527956,57.96,business,Comment,staff are courteous and very knowledgable,House Number,2026 Shattuck Ave,Name,Comic Relief,Phone Number,510-843-5002,bearing,83.659053
37.8715630377,-122.268510027,58.546,business,Comment,scifi and fantasy book store,House Number,2016 Shattuck Ave,Name,The Other Change of Hobbit,Phone Number,510-381-9332,bearing,82.270464
37.8716183636,-122.26850892,59.154,business,Comment,hearty soups,House Number,2006 Shattuck Ave,Name,PH,Phone Number,510-381-9332,bearing,80.630325
37.8716697352,-122.268497916,59.842,business,Comment,yoga to the people,House Number,64 Shattuck Sq,Name,Roos Bros,Phone Number,510-384-1341,bearing,78.4
37.8717879106,-122.26851927,59.467,business,Comment,applecare is better,House Number,1987 Shattuck Ave,Name,MAC computer store,Phone Number,510-329-1341,bearing,89.432927
37.8717329508,-122.268517172,59.25,business,Comment,huge sandwiches,House Number,1982 Shattuck Ave,Name,Fiorello's,Phone Number,510-381-9238,bearing,87.927073
37.8719471801,-122.268232014,62.113,business,Comment,adequate portions,House Number,2034 Shattuck Sq,Name,Viceroy Restaurant,Phone Number,510-549-1814,bearing,-100.738122
37.8716534213,-122.268177584,60.976,business,Comment,yoga to the people,House Number,64 Shattuck Sq,Name,Roos Bros,Phone Number,510-384-1341,bearing,-99.053712
37.8714360915,-122.268162709,59.976,business,Comment,persian themed restaurant,House Number,85 Shattuck Sq,Name,Cyprus Restaurant,Phone Number,510-384-1934,bearing,-97.484155
